<?xml version="1.0" encoding="UTF-8"?>
<project-private xmlns="http://www.netbeans.org/ns/project-private/1">
    <data xmlns="http://www.netbeans.org/ns/make-project-private/1">
        <activeConfTypeElem>1</activeConfTypeElem>
        <activeConfIndexElem>0</activeConfIndexElem>
    </data>
    <editor-bookmarks xmlns="http://www.netbeans.org/ns/editor-bookmarks/2" lastBookmarkId="0"/>
    <open-files xmlns="http://www.netbeans.org/ns/projectui-open-files/2">
        <group>
            <file>file:/Users/vangriea/Documents/M3103/TPC-/M3105-TP3/Billet.cpp</file>
            <file>file:/Users/vangriea/Documents/M3103/TPC-/M3105-TP3/Conteneur.h</file>
            <file>file:/Users/vangriea/Documents/M3103/TPC-/M3105-TP3/main.cpp</file>
            <file>file:/Users/vangriea/Documents/M3103/TPC-/M3105-TP3/Conteneur.cpp</file>
            <file>file:/Users/vangriea/Documents/M3103/TPC-/M3105-TP3/BilletReduit.cpp</file>
        </group>
    </open-files>
</project-private>
